gml_parent_id,gml_id,the_geom,bw_belegung_id,bw_begehren_id,bw_art_des_begehrens_bez,bw_bezeichnung,bw_belastungs_art_bez,bw_datum,mapbs_bw_detail_belegung,mapbs_bw_kalender_strasseplatz,bw_belegungs_art_bez
,BW_Allmendbewilligungen_Veranstaltung.99182,,388996,9099781,Temporäre Nutzungsbewilligung,BAZAR 2017,<unbekannt>,02.12.2017 - 03.12.2017,"<a href=""http://www.tiefbauamt.bs.ch/belegungsDetails?albe_id=388996&month=11&year=2017&output=nocache"" target=""_blank"">Detailansicht Belegung</a>","<a href=""http://www.tiefbauamt.bs.ch/oeffentlicher-raum/nutzung-des-oeffentlichen-raumes/was-passiert-wo-und-wann/strassenauswahl.html?strasseid=284&output=nocache"" target=""_blank"">Kalenderansicht Strasse/Platz</a>",Veranstaltung
,BW_Allmendbewilligungen_Veranstaltung.98988,,369187,9095498,Temporäre Nutzungsbewilligung,Sonntagsflohmarkt,<unbekannt>,02.07.2017 - 01.07.2018,"<a href=""http://www.tiefbauamt.bs.ch/belegungsDetails?albe_id=369187&month=6&year=2017&output=nocache"" target=""_blank"">Detailansicht Belegung</a>","<a href=""http://www.tiefbauamt.bs.ch/oeffentlicher-raum/nutzung-des-oeffentlichen-raumes/was-passiert-wo-und-wann/strassenauswahl.html?strasseid=1921&output=nocache"" target=""_blank"">Kalenderansicht Strasse/Platz</a>",<unbekannt>
,BW_Allmendbewilligungen_Veranstaltung.105985,,386758,9099075,Temporäre Nutzungsbewilligung,Adväntsgass im Glaibasel 2017 /  Inkl. Fondue-Essen vom 07.12.17 und Pistengaudi vom 09.12.17 (18.00 Uhr bis 20.30 Uhr),<unbekannt>,03.12.2017 - 03.12.2017,"<a href=""http://www.tiefbauamt.bs.ch/belegungsDetails?albe_id=386758&month=11&year=2017&output=nocache"" target=""_blank"">Detailansicht Belegung</a>","<a href=""http://www.tiefbauamt.bs.ch/oeffentlicher-raum/nutzung-des-oeffentlichen-raumes/was-passiert-wo-und-wann/strassenauswahl.html?strasseid=899&output=nocache"" target=""_blank"">Kalenderansicht Strasse/Platz</a>",Veranstaltung
,BW_Allmendbewilligungen_Veranstaltung.105842,,386175,9099075,Temporäre Nutzungsbewilligung,Adväntsgass im Glaibasel 2017 /  Inkl. Fondue-Essen vom 07.12.17 und Pistengaudi vom 09.12.17 (18.00 Uhr bis 20.30 Uhr),<unbekannt>,28.11.2017 - 28.11.2017,"<a href=""http://www.tiefbauamt.bs.ch/belegungsDetails?albe_id=386175&month=10&year=2017&output=nocache"" target=""_blank"">Detailansicht Belegung</a>","<a href=""http://www.tiefbauamt.bs.ch/oeffentlicher-raum/nutzung-des-oeffentlichen-raumes/was-passiert-wo-und-wann/strassenauswahl.html?strasseid=899&output=nocache"" target=""_blank"">Kalenderansicht Strasse/Platz</a>",Veranstaltung
,BW_Allmendbewilligungen_Veranstaltung.105998,,386174,9099075,Temporäre Nutzungsbewilligung,Adväntsgass im Glaibasel 2017 /  Inkl. Fondue-Essen vom 07.12.17 und Pistengaudi vom 09.12.17 (18.00 Uhr bis 20.30 Uhr),<unbekannt>,22.11.2017 - 27.11.2017,"<a href=""http://www.tiefbauamt.bs.ch/belegungsDetails?albe_id=386174&month=10&year=2017&output=nocache"" target=""_blank"">Detailansicht Belegung</a>","<a href=""http://www.tiefbauamt.bs.ch/oeffentlicher-raum/nutzung-des-oeffentlichen-raumes/was-passiert-wo-und-wann/strassenauswahl.html?strasseid=899&output=nocache"" target=""_blank"">Kalenderansicht Strasse/Platz</a>",Aufbau bis und mit Abbau
,BW_Allmendbewilligungen_Veranstaltung.105947,,386753,9099075,Temporäre Nutzungsbewilligung,Adväntsgass im Glaibasel 2017 /  Inkl. Fondue-Essen vom 07.12.17 und Pistengaudi vom 09.12.17 (18.00 Uhr bis 20.30 Uhr),<unbekannt>,29.11.2017 - 29.11.2017,"<a href=""http://www.tiefbauamt.bs.ch/belegungsDetails?albe_id=386753&month=10&year=2017&output=nocache"" target=""_blank"">Detailansicht Belegung</a>","<a href=""http://www.tiefbauamt.bs.ch/oeffentlicher-raum/nutzung-des-oeffentlichen-raumes/was-passiert-wo-und-wann/strassenauswahl.html?strasseid=899&output=nocache"" target=""_blank"">Kalenderansicht Strasse/Platz</a>",Veranstaltung
,BW_Allmendbewilligungen_Veranstaltung.105715,,386755,9099075,Temporäre Nutzungsbewilligung,Adväntsgass im Glaibasel 2017 /  Inkl. Fondue-Essen vom 07.12.17 und Pistengaudi vom 09.12.17 (18.00 Uhr bis 20.30 Uhr),<unbekannt>,01.12.2017 - 01.12.2017,"<a href=""http://www.tiefbauamt.bs.ch/belegungsDetails?albe_id=386755&month=11&year=2017&output=nocache"" target=""_blank"">Detailansicht Belegung</a>","<a href=""http://www.tiefbauamt.bs.ch/oeffentlicher-raum/nutzung-des-oeffentlichen-raumes/was-passiert-wo-und-wann/strassenauswahl.html?strasseid=899&output=nocache"" target=""_blank"">Kalenderansicht Strasse/Platz</a>",Veranstaltung
,BW_Allmendbewilligungen_Veranstaltung.105755,,386760,9099075,Temporäre Nutzungsbewilligung,Adväntsgass im Glaibasel 2017 /  Inkl. Fondue-Essen vom 07.12.17 und Pistengaudi vom 09.12.17 (18.00 Uhr bis 20.30 Uhr),<unbekannt>,05.12.2017 - 05.12.2017,"<a href=""http://www.tiefbauamt.bs.ch/belegungsDetails?albe_id=386760&month=11&year=2017&output=nocache"" target=""_blank"">Detailansicht Belegung</a>","<a href=""http://www.tiefbauamt.bs.ch/oeffentlicher-raum/nutzung-des-oeffentlichen-raumes/was-passiert-wo-und-wann/strassenauswahl.html?strasseid=899&output=nocache"" target=""_blank"">Kalenderansicht Strasse/Platz</a>",Veranstaltung
,BW_Allmendbewilligungen_Veranstaltung.105914,,386754,9099075,Temporäre Nutzungsbewilligung,Adväntsgass im Glaibasel 2017 /  Inkl. Fondue-Essen vom 07.12.17 und Pistengaudi vom 09.12.17 (18.00 Uhr bis 20.30 Uhr),<unbekannt>,30.11.2017 - 30.11.2017,"<a href=""http://www.tiefbauamt.bs.ch/belegungsDetails?albe_id=386754&month=10&year=2017&output=nocache"" target=""_blank"">Detailansicht Belegung</a>","<a href=""http://www.tiefbauamt.bs.ch/oeffentlicher-raum/nutzung-des-oeffentlichen-raumes/was-passiert-wo-und-wann/strassenauswahl.html?strasseid=899&output=nocache"" target=""_blank"">Kalenderansicht Strasse/Platz</a>",Veranstaltung
,BW_Allmendbewilligungen_Veranstaltung.105841,,386759,9099075,Temporäre Nutzungsbewilligung,Adväntsgass im Glaibasel 2017 /  Inkl. Fondue-Essen vom 07.12.17 und Pistengaudi vom 09.12.17 (18.00 Uhr bis 20.30 Uhr),<unbekannt>,04.12.2017 - 04.12.2017,"<a href=""http://www.tiefbauamt.bs.ch/belegungsDetails?albe_id=386759&month=11&year=2017&output=nocache"" target=""_blank"">Detailansicht Belegung</a>","<a href=""http://www.tiefbauamt.bs.ch/oeffentlicher-raum/nutzung-des-oeffentlichen-raumes/was-passiert-wo-und-wann/strassenauswahl.html?strasseid=899&output=nocache"" target=""_blank"">Kalenderansicht Strasse/Platz</a>",Veranstaltung
,BW_Allmendbewilligungen_Veranstaltung.105909,,386757,9099075,Temporäre Nutzungsbewilligung,Adväntsgass im Glaibasel 2017 /  Inkl. Fondue-Essen vom 07.12.17 und Pistengaudi vom 09.12.17 (18.00 Uhr bis 20.30 Uhr),<unbekannt>,02.12.2017 - 02.12.2017,"<a href=""http://www.tiefbauamt.bs.ch/belegungsDetails?albe_id=386757&month=11&year=2017&output=nocache"" target=""_blank"">Detailansicht Belegung</a>","<a href=""http://www.tiefbauamt.bs.ch/oeffentlicher-raum/nutzung-des-oeffentlichen-raumes/was-passiert-wo-und-wann/strassenauswahl.html?strasseid=899&output=nocache"" target=""_blank"">Kalenderansicht Strasse/Platz</a>",Veranstaltung
,BW_Allmendbewilligungen_Veranstaltung.106778,,392443,9101436,Temporäre Nutzungsbewilligung,Umzug 90-Jahr-Jubiläum der IRG    Route: Türkheimerstrasse - Birkenstrasse,<unbekannt>,03.12.2017 - 03.12.2017,"<a href=""http://www.tiefbauamt.bs.ch/belegungsDetails?albe_id=392443&month=11&year=2017&output=nocache"" target=""_blank"">Detailansicht Belegung</a>","<a href=""http://www.tiefbauamt.bs.ch/oeffentlicher-raum/nutzung-des-oeffentlichen-raumes/was-passiert-wo-und-wann/strassenauswahl.html?strasseid=607&output=nocache"" target=""_blank"">Kalenderansicht Strasse/Platz</a>",Aktivität
,BW_Allmendbewilligungen_Veranstaltung.70479,,326700,9090084,Temporäre Nutzungsbewilligung,Palazzo Colombino 2017 / 2018,<unbekannt>,15.11.2017 - 27.01.2018,"<a href=""http://www.tiefbauamt.bs.ch/belegungsDetails?albe_id=326700&month=10&year=2017&output=nocache"" target=""_blank"">Detailansicht Belegung</a>","<a href=""http://www.tiefbauamt.bs.ch/oeffentlicher-raum/nutzung-des-oeffentlichen-raumes/was-passiert-wo-und-wann/strassenauswahl.html?strasseid=975&output=nocache"" target=""_blank"">Kalenderansicht Strasse/Platz</a>",Aufbau bis und mit Abbau
,BW_Allmendbewilligungen_Veranstaltung.106631,,392440,9101182,Temporäre Nutzungsbewilligung,*Plakataktion* zum Thema Arbeit und Behinderung des Fördervereins impulse 2017,<unbekannt>,02.12.2017 - 11.12.2017,"<a href=""http://www.tiefbauamt.bs.ch/belegungsDetails?albe_id=392440&month=11&year=2017&output=nocache"" target=""_blank"">Detailansicht Belegung</a>","<a href=""http://www.tiefbauamt.bs.ch/oeffentlicher-raum/nutzung-des-oeffentlichen-raumes/was-passiert-wo-und-wann/strassenauswahl.html?strasseid=596&output=nocache"" target=""_blank"">Kalenderansicht Strasse/Platz</a>",Aufbau bis und mit Abbau
,BW_Allmendbewilligungen_Veranstaltung.106117,,391722,9100922,Temporäre Nutzungsbewilligung,"SRF Übertragung, Weihnachtskonzert aus der Theodorskirche Basel",<unbekannt>,21.11.2017 - 27.11.2017,"<a href=""http://www.tiefbauamt.bs.ch/belegungsDetails?albe_id=391722&month=10&year=2017&output=nocache"" target=""_blank"">Detailansicht Belegung</a>","<a href=""http://www.tiefbauamt.bs.ch/oeffentlicher-raum/nutzung-des-oeffentlichen-raumes/was-passiert-wo-und-wann/strassenauswahl.html?strasseid=942&output=nocache"" target=""_blank"">Kalenderansicht Strasse/Platz</a>",Aufbau bis und mit Abbau
,BW_Allmendbewilligungen_Veranstaltung.100789,,383521,9097841,Temporäre Nutzungsbewilligung,Kunsstoffeisbahn auf dem Marktplatz 2017  mit teilverlängerten Öffnungszeiten,<unbekannt>,02.12.2017 - 02.12.2017,"<a href=""http://www.tiefbauamt.bs.ch/belegungsDetails?albe_id=383521&month=11&year=2017&output=nocache"" target=""_blank"">Detailansicht Belegung</a>","<a href=""http://www.tiefbauamt.bs.ch/oeffentlicher-raum/nutzung-des-oeffentlichen-raumes/was-passiert-wo-und-wann/strassenauswahl.html?strasseid=381&output=nocache"" target=""_blank"">Kalenderansicht Strasse/Platz</a>",Aktivität
,BW_Allmendbewilligungen_Veranstaltung.100950,,383518,9097841,Temporäre Nutzungsbewilligung,Kunsstoffeisbahn auf dem Marktplatz 2017  mit teilverlängerten Öffnungszeiten,<unbekannt>,29.11.2017 - 29.11.2017,"<a href=""http://www.tiefbauamt.bs.ch/belegungsDetails?albe_id=383518&month=10&year=2017&output=nocache"" target=""_blank"">Detailansicht Belegung</a>","<a href=""http://www.tiefbauamt.bs.ch/oeffentlicher-raum/nutzung-des-oeffentlichen-raumes/was-passiert-wo-und-wann/strassenauswahl.html?strasseid=381&output=nocache"" target=""_blank"">Kalenderansicht Strasse/Platz</a>",Aufbau bis und mit Abbau
,BW_Allmendbewilligungen_Veranstaltung.100957,,383523,9097841,Temporäre Nutzungsbewilligung,Kunsstoffeisbahn auf dem Marktplatz 2017  mit teilverlängerten Öffnungszeiten,<unbekannt>,05.12.2017 - 05.12.2017,"<a href=""http://www.tiefbauamt.bs.ch/belegungsDetails?albe_id=383523&month=11&year=2017&output=nocache"" target=""_blank"">Detailansicht Belegung</a>","<a href=""http://www.tiefbauamt.bs.ch/oeffentlicher-raum/nutzung-des-oeffentlichen-raumes/was-passiert-wo-und-wann/strassenauswahl.html?strasseid=381&output=nocache"" target=""_blank"">Kalenderansicht Strasse/Platz</a>",Aktivität
,BW_Allmendbewilligungen_Veranstaltung.100918,,383522,9097841,Temporäre Nutzungsbewilligung,Kunsstoffeisbahn auf dem Marktplatz 2017  mit teilverlängerten Öffnungszeiten,<unbekannt>,04.12.2017 - 04.12.2017,"<a href=""http://www.tiefbauamt.bs.ch/belegungsDetails?albe_id=383522&month=11&year=2017&output=nocache"" target=""_blank"">Detailansicht Belegung</a>","<a href=""http://www.tiefbauamt.bs.ch/oeffentlicher-raum/nutzung-des-oeffentlichen-raumes/was-passiert-wo-und-wann/strassenauswahl.html?strasseid=381&output=nocache"" target=""_blank"">Kalenderansicht Strasse/Platz</a>",Aktivität
,BW_Allmendbewilligungen_Veranstaltung.100824,,383519,9097841,Temporäre Nutzungsbewilligung,Kunsstoffeisbahn auf dem Marktplatz 2017  mit teilverlängerten Öffnungszeiten,<unbekannt>,30.11.2017 - 30.11.2017,"<a href=""http://www.tiefbauamt.bs.ch/belegungsDetails?albe_id=383519&month=10&year=2017&output=nocache"" target=""_blank"">Detailansicht Belegung</a>","<a href=""http://www.tiefbauamt.bs.ch/oeffentlicher-raum/nutzung-des-oeffentlichen-raumes/was-passiert-wo-und-wann/strassenauswahl.html?strasseid=381&output=nocache"" target=""_blank"">Kalenderansicht Strasse/Platz</a>",Aktivität
,BW_Allmendbewilligungen_Veranstaltung.101043,,383517,9097841,Temporäre Nutzungsbewilligung,Kunsstoffeisbahn auf dem Marktplatz 2017  mit teilverlängerten Öffnungszeiten,<unbekannt>,28.11.2017 - 28.11.2017,"<a href=""http://www.tiefbauamt.bs.ch/belegungsDetails?albe_id=383517&month=10&year=2017&output=nocache"" target=""_blank"">Detailansicht Belegung</a>","<a href=""http://www.tiefbauamt.bs.ch/oeffentlicher-raum/nutzung-des-oeffentlichen-raumes/was-passiert-wo-und-wann/strassenauswahl.html?strasseid=381&output=nocache"" target=""_blank"">Kalenderansicht Strasse/Platz</a>",Aufbau bis und mit Abbau
,BW_Allmendbewilligungen_Veranstaltung.100897,,383515,9097841,Temporäre Nutzungsbewilligung,Kunsstoffeisbahn auf dem Marktplatz 2017  mit teilverlängerten Öffnungszeiten,<unbekannt>,27.11.2017 - 27.11.2017,"<a href=""http://www.tiefbauamt.bs.ch/belegungsDetails?albe_id=383515&month=10&year=2017&output=nocache"" target=""_blank"">Detailansicht Belegung</a>","<a href=""http://www.tiefbauamt.bs.ch/oeffentlicher-raum/nutzung-des-oeffentlichen-raumes/was-passiert-wo-und-wann/strassenauswahl.html?strasseid=381&output=nocache"" target=""_blank"">Kalenderansicht Strasse/Platz</a>",Aufbau bis und mit Abbau
,BW_Allmendbewilligungen_Veranstaltung.100833,,383520,9097841,Temporäre Nutzungsbewilligung,Kunsstoffeisbahn auf dem Marktplatz 2017  mit teilverlängerten Öffnungszeiten,<unbekannt>,01.12.2017 - 01.12.2017,"<a href=""http://www.tiefbauamt.bs.ch/belegungsDetails?albe_id=383520&month=11&year=2017&output=nocache"" target=""_blank"">Detailansicht Belegung</a>","<a href=""http://www.tiefbauamt.bs.ch/oeffentlicher-raum/nutzung-des-oeffentlichen-raumes/was-passiert-wo-und-wann/strassenauswahl.html?strasseid=381&output=nocache"" target=""_blank"">Kalenderansicht Strasse/Platz</a>",Aktivität
,BW_Allmendbewilligungen_Veranstaltung.106112,,391722,9100922,Temporäre Nutzungsbewilligung,"SRF Übertragung, Weihnachtskonzert aus der Theodorskirche Basel",<unbekannt>,21.11.2017 - 27.11.2017,"<a href=""http://www.tiefbauamt.bs.ch/belegungsDetails?albe_id=391722&month=10&year=2017&output=nocache"" target=""_blank"">Detailansicht Belegung</a>","<a href=""http://www.tiefbauamt.bs.ch/oeffentlicher-raum/nutzung-des-oeffentlichen-raumes/was-passiert-wo-und-wann/strassenauswahl.html?strasseid=942&output=nocache"" target=""_blank"">Kalenderansicht Strasse/Platz</a>",Aufbau bis und mit Abbau
,BW_Allmendbewilligungen_Veranstaltung.100795,,383521,9097841,Temporäre Nutzungsbewilligung,Kunsstoffeisbahn auf dem Marktplatz 2017  mit teilverlängerten Öffnungszeiten,<unbekannt>,02.12.2017 - 02.12.2017,"<a href=""http://www.tiefbauamt.bs.ch/belegungsDetails?albe_id=383521&month=11&year=2017&output=nocache"" target=""_blank"">Detailansicht Belegung</a>","<a href=""http://www.tiefbauamt.bs.ch/oeffentlicher-raum/nutzung-des-oeffentlichen-raumes/was-passiert-wo-und-wann/strassenauswahl.html?strasseid=381&output=nocache"" target=""_blank"">Kalenderansicht Strasse/Platz</a>",Aktivität
,BW_Allmendbewilligungen_Veranstaltung.100850,,383520,9097841,Temporäre Nutzungsbewilligung,Kunsstoffeisbahn auf dem Marktplatz 2017  mit teilverlängerten Öffnungszeiten,<unbekannt>,01.12.2017 - 01.12.2017,"<a href=""http://www.tiefbauamt.bs.ch/belegungsDetails?albe_id=383520&month=11&year=2017&output=nocache"" target=""_blank"">Detailansicht Belegung</a>","<a href=""http://www.tiefbauamt.bs.ch/oeffentlicher-raum/nutzung-des-oeffentlichen-raumes/was-passiert-wo-und-wann/strassenauswahl.html?strasseid=381&output=nocache"" target=""_blank"">Kalenderansicht Strasse/Platz</a>",Aktivität
,BW_Allmendbewilligungen_Veranstaltung.100851,,383519,9097841,Temporäre Nutzungsbewilligung,Kunsstoffeisbahn auf dem Marktplatz 2017  mit teilverlängerten Öffnungszeiten,<unbekannt>,30.11.2017 - 30.11.2017,"<a href=""http://www.tiefbauamt.bs.ch/belegungsDetails?albe_id=383519&month=10&year=2017&output=nocache"" target=""_blank"">Detailansicht Belegung</a>","<a href=""http://www.tiefbauamt.bs.ch/oeffentlicher-raum/nutzung-des-oeffentlichen-raumes/was-passiert-wo-und-wann/strassenauswahl.html?strasseid=381&output=nocache"" target=""_blank"">Kalenderansicht Strasse/Platz</a>",Aktivität
,BW_Allmendbewilligungen_Veranstaltung.101057,,383517,9097841,Temporäre Nutzungsbewilligung,Kunsstoffeisbahn auf dem Marktplatz 2017  mit teilverlängerten Öffnungszeiten,<unbekannt>,28.11.2017 - 28.11.2017,"<a href=""http://www.tiefbauamt.bs.ch/belegungsDetails?albe_id=383517&month=10&year=2017&output=nocache"" target=""_blank"">Detailansicht Belegung</a>","<a href=""http://www.tiefbauamt.bs.ch/oeffentlicher-raum/nutzung-des-oeffentlichen-raumes/was-passiert-wo-und-wann/strassenauswahl.html?strasseid=381&output=nocache"" target=""_blank"">Kalenderansicht Strasse/Platz</a>",Aufbau bis und mit Abbau
,BW_Allmendbewilligungen_Veranstaltung.100938,,383518,9097841,Temporäre Nutzungsbewilligung,Kunsstoffeisbahn auf dem Marktplatz 2017  mit teilverlängerten Öffnungszeiten,<unbekannt>,29.11.2017 - 29.11.2017,"<a href=""http://www.tiefbauamt.bs.ch/belegungsDetails?albe_id=383518&month=10&year=2017&output=nocache"" target=""_blank"">Detailansicht Belegung</a>","<a href=""http://www.tiefbauamt.bs.ch/oeffentlicher-raum/nutzung-des-oeffentlichen-raumes/was-passiert-wo-und-wann/strassenauswahl.html?strasseid=381&output=nocache"" target=""_blank"">Kalenderansicht Strasse/Platz</a>",Aufbau bis und mit Abbau
,BW_Allmendbewilligungen_Veranstaltung.100904,,383515,9097841,Temporäre Nutzungsbewilligung,Kunsstoffeisbahn auf dem Marktplatz 2017  mit teilverlängerten Öffnungszeiten,<unbekannt>,27.11.2017 - 27.11.2017,"<a href=""http://www.tiefbauamt.bs.ch/belegungsDetails?albe_id=383515&month=10&year=2017&output=nocache"" target=""_blank"">Detailansicht Belegung</a>","<a href=""http://www.tiefbauamt.bs.ch/oeffentlicher-raum/nutzung-des-oeffentlichen-raumes/was-passiert-wo-und-wann/strassenauswahl.html?strasseid=381&output=nocache"" target=""_blank"">Kalenderansicht Strasse/Platz</a>",Aufbau bis und mit Abbau
,BW_Allmendbewilligungen_Veranstaltung.100914,,383522,9097841,Temporäre Nutzungsbewilligung,Kunsstoffeisbahn auf dem Marktplatz 2017  mit teilverlängerten Öffnungszeiten,<unbekannt>,04.12.2017 - 04.12.2017,"<a href=""http://www.tiefbauamt.bs.ch/belegungsDetails?albe_id=383522&month=11&year=2017&output=nocache"" target=""_blank"">Detailansicht Belegung</a>","<a href=""http://www.tiefbauamt.bs.ch/oeffentlicher-raum/nutzung-des-oeffentlichen-raumes/was-passiert-wo-und-wann/strassenauswahl.html?strasseid=381&output=nocache"" target=""_blank"">Kalenderansicht Strasse/Platz</a>",Aktivität
,BW_Allmendbewilligungen_Veranstaltung.100948,,383523,9097841,Temporäre Nutzungsbewilligung,Kunsstoffeisbahn auf dem Marktplatz 2017  mit teilverlängerten Öffnungszeiten,<unbekannt>,05.12.2017 - 05.12.2017,"<a href=""http://www.tiefbauamt.bs.ch/belegungsDetails?albe_id=383523&month=11&year=2017&output=nocache"" target=""_blank"">Detailansicht Belegung</a>","<a href=""http://www.tiefbauamt.bs.ch/oeffentlicher-raum/nutzung-des-oeffentlichen-raumes/was-passiert-wo-und-wann/strassenauswahl.html?strasseid=381&output=nocache"" target=""_blank"">Kalenderansicht Strasse/Platz</a>",Aktivität
,BW_Allmendbewilligungen_Veranstaltung.100911,,383522,9097841,Temporäre Nutzungsbewilligung,Kunsstoffeisbahn auf dem Marktplatz 2017  mit teilverlängerten Öffnungszeiten,<unbekannt>,04.12.2017 - 04.12.2017,"<a href=""http://www.tiefbauamt.bs.ch/belegungsDetails?albe_id=383522&month=11&year=2017&output=nocache"" target=""_blank"">Detailansicht Belegung</a>","<a href=""http://www.tiefbauamt.bs.ch/oeffentlicher-raum/nutzung-des-oeffentlichen-raumes/was-passiert-wo-und-wann/strassenauswahl.html?strasseid=381&output=nocache"" target=""_blank"">Kalenderansicht Strasse/Platz</a>",Aktivität
,BW_Allmendbewilligungen_Veranstaltung.100927,,383518,9097841,Temporäre Nutzungsbewilligung,Kunsstoffeisbahn auf dem Marktplatz 2017  mit teilverlängerten Öffnungszeiten,<unbekannt>,29.11.2017 - 29.11.2017,"<a href=""http://www.tiefbauamt.bs.ch/belegungsDetails?albe_id=383518&month=10&year=2017&output=nocache"" target=""_blank"">Detailansicht Belegung</a>","<a href=""http://www.tiefbauamt.bs.ch/oeffentlicher-raum/nutzung-des-oeffentlichen-raumes/was-passiert-wo-und-wann/strassenauswahl.html?strasseid=381&output=nocache"" target=""_blank"">Kalenderansicht Strasse/Platz</a>",Aufbau bis und mit Abbau
,BW_Allmendbewilligungen_Veranstaltung.100958,,383523,9097841,Temporäre Nutzungsbewilligung,Kunsstoffeisbahn auf dem Marktplatz 2017  mit teilverlängerten Öffnungszeiten,<unbekannt>,05.12.2017 - 05.12.2017,"<a href=""http://www.tiefbauamt.bs.ch/belegungsDetails?albe_id=383523&month=11&year=2017&output=nocache"" target=""_blank"">Detailansicht Belegung</a>","<a href=""http://www.tiefbauamt.bs.ch/oeffentlicher-raum/nutzung-des-oeffentlichen-raumes/was-passiert-wo-und-wann/strassenauswahl.html?strasseid=381&output=nocache"" target=""_blank"">Kalenderansicht Strasse/Platz</a>",Aktivität
,BW_Allmendbewilligungen_Veranstaltung.101038,,383517,9097841,Temporäre Nutzungsbewilligung,Kunsstoffeisbahn auf dem Marktplatz 2017  mit teilverlängerten Öffnungszeiten,<unbekannt>,28.11.2017 - 28.11.2017,"<a href=""http://www.tiefbauamt.bs.ch/belegungsDetails?albe_id=383517&month=10&year=2017&output=nocache"" target=""_blank"">Detailansicht Belegung</a>","<a href=""http://www.tiefbauamt.bs.ch/oeffentlicher-raum/nutzung-des-oeffentlichen-raumes/was-passiert-wo-und-wann/strassenauswahl.html?strasseid=381&output=nocache"" target=""_blank"">Kalenderansicht Strasse/Platz</a>",Aufbau bis und mit Abbau
,BW_Allmendbewilligungen_Veranstaltung.100788,,383521,9097841,Temporäre Nutzungsbewilligung,Kunsstoffeisbahn auf dem Marktplatz 2017  mit teilverlängerten Öffnungszeiten,<unbekannt>,02.12.2017 - 02.12.2017,"<a href=""http://www.tiefbauamt.bs.ch/belegungsDetails?albe_id=383521&month=11&year=2017&output=nocache"" target=""_blank"">Detailansicht Belegung</a>","<a href=""http://www.tiefbauamt.bs.ch/oeffentlicher-raum/nutzung-des-oeffentlichen-raumes/was-passiert-wo-und-wann/strassenauswahl.html?strasseid=381&output=nocache"" target=""_blank"">Kalenderansicht Strasse/Platz</a>",Aktivität
,BW_Allmendbewilligungen_Veranstaltung.100816,,383520,9097841,Temporäre Nutzungsbewilligung,Kunsstoffeisbahn auf dem Marktplatz 2017  mit teilverlängerten Öffnungszeiten,<unbekannt>,01.12.2017 - 01.12.2017,"<a href=""http://www.tiefbauamt.bs.ch/belegungsDetails?albe_id=383520&month=11&year=2017&output=nocache"" target=""_blank"">Detailansicht Belegung</a>","<a href=""http://www.tiefbauamt.bs.ch/oeffentlicher-raum/nutzung-des-oeffentlichen-raumes/was-passiert-wo-und-wann/strassenauswahl.html?strasseid=381&output=nocache"" target=""_blank"">Kalenderansicht Strasse/Platz</a>",Aktivität
,BW_Allmendbewilligungen_Veranstaltung.100819,,383519,9097841,Temporäre Nutzungsbewilligung,Kunsstoffeisbahn auf dem Marktplatz 2017  mit teilverlängerten Öffnungszeiten,<unbekannt>,30.11.2017 - 30.11.2017,"<a href=""http://www.tiefbauamt.bs.ch/belegungsDetails?albe_id=383519&month=10&year=2017&output=nocache"" target=""_blank"">Detailansicht Belegung</a>","<a href=""http://www.tiefbauamt.bs.ch/oeffentlicher-raum/nutzung-des-oeffentlichen-raumes/was-passiert-wo-und-wann/strassenauswahl.html?strasseid=381&output=nocache"" target=""_blank"">Kalenderansicht Strasse/Platz</a>",Aktivität
,BW_Allmendbewilligungen_Veranstaltung.100896,,383515,9097841,Temporäre Nutzungsbewilligung,Kunsstoffeisbahn auf dem Marktplatz 2017  mit teilverlängerten Öffnungszeiten,<unbekannt>,27.11.2017 - 27.11.2017,"<a href=""http://www.tiefbauamt.bs.ch/belegungsDetails?albe_id=383515&month=10&year=2017&output=nocache"" target=""_blank"">Detailansicht Belegung</a>","<a href=""http://www.tiefbauamt.bs.ch/oeffentlicher-raum/nutzung-des-oeffentlichen-raumes/was-passiert-wo-und-wann/strassenauswahl.html?strasseid=381&output=nocache"" target=""_blank"">Kalenderansicht Strasse/Platz</a>",Aufbau bis und mit Abbau
,BW_Allmendbewilligungen_Veranstaltung.106123,,391722,9100922,Temporäre Nutzungsbewilligung,"SRF Übertragung, Weihnachtskonzert aus der Theodorskirche Basel",<unbekannt>,21.11.2017 - 27.11.2017,"<a href=""http://www.tiefbauamt.bs.ch/belegungsDetails?albe_id=391722&month=10&year=2017&output=nocache"" target=""_blank"">Detailansicht Belegung</a>","<a href=""http://www.tiefbauamt.bs.ch/oeffentlicher-raum/nutzung-des-oeffentlichen-raumes/was-passiert-wo-und-wann/strassenauswahl.html?strasseid=942&output=nocache"" target=""_blank"">Kalenderansicht Strasse/Platz</a>",Aufbau bis und mit Abbau
,BW_Allmendbewilligungen_Veranstaltung.106121,,391722,9100922,Temporäre Nutzungsbewilligung,"SRF Übertragung, Weihnachtskonzert aus der Theodorskirche Basel",<unbekannt>,21.11.2017 - 27.11.2017,"<a href=""http://www.tiefbauamt.bs.ch/belegungsDetails?albe_id=391722&month=10&year=2017&output=nocache"" target=""_blank"">Detailansicht Belegung</a>","<a href=""http://www.tiefbauamt.bs.ch/oeffentlicher-raum/nutzung-des-oeffentlichen-raumes/was-passiert-wo-und-wann/strassenauswahl.html?strasseid=942&output=nocache"" target=""_blank"">Kalenderansicht Strasse/Platz</a>",Aufbau bis und mit Abbau
,BW_Allmendbewilligungen_Veranstaltung.90582,,383741,9079891,Temporäre Nutzungsbewilligung,Wiederkehrender Weihnachtsbaumverkauf   jeweils vom 01.12. - 24.12. (Verkauf + Lagerplatz)  Verkauf + Lager (Standort 1),<unbekannt>,01.12.2017 - 24.12.2017,"<a href=""http://www.tiefbauamt.bs.ch/belegungsDetails?albe_id=383741&month=11&year=2017&output=nocache"" target=""_blank"">Detailansicht Belegung</a>","<a href=""http://www.tiefbauamt.bs.ch/oeffentlicher-raum/nutzung-des-oeffentlichen-raumes/was-passiert-wo-und-wann/strassenauswahl.html?strasseid=958&output=nocache"" target=""_blank"">Kalenderansicht Strasse/Platz</a>",<unbekannt>
,BW_Allmendbewilligungen_Veranstaltung.90560,,383741,9079891,Temporäre Nutzungsbewilligung,Wiederkehrender Weihnachtsbaumverkauf   jeweils vom 01.12. - 24.12. (Verkauf + Lagerplatz)  Verkauf + Lager (Standort 1),<unbekannt>,01.12.2017 - 24.12.2017,"<a href=""http://www.tiefbauamt.bs.ch/belegungsDetails?albe_id=383741&month=11&year=2017&output=nocache"" target=""_blank"">Detailansicht Belegung</a>","<a href=""http://www.tiefbauamt.bs.ch/oeffentlicher-raum/nutzung-des-oeffentlichen-raumes/was-passiert-wo-und-wann/strassenauswahl.html?strasseid=958&output=nocache"" target=""_blank"">Kalenderansicht Strasse/Platz</a>",<unbekannt>
,BW_Allmendbewilligungen_Veranstaltung.100831,,383519,9097841,Temporäre Nutzungsbewilligung,Kunsstoffeisbahn auf dem Marktplatz 2017  mit teilverlängerten Öffnungszeiten,<unbekannt>,30.11.2017 - 30.11.2017,"<a href=""http://www.tiefbauamt.bs.ch/belegungsDetails?albe_id=383519&month=10&year=2017&output=nocache"" target=""_blank"">Detailansicht Belegung</a>","<a href=""http://www.tiefbauamt.bs.ch/oeffentlicher-raum/nutzung-des-oeffentlichen-raumes/was-passiert-wo-und-wann/strassenauswahl.html?strasseid=381&output=nocache"" target=""_blank"">Kalenderansicht Strasse/Platz</a>",Aktivität
,BW_Allmendbewilligungen_Veranstaltung.100906,,383522,9097841,Temporäre Nutzungsbewilligung,Kunsstoffeisbahn auf dem Marktplatz 2017  mit teilverlängerten Öffnungszeiten,<unbekannt>,04.12.2017 - 04.12.2017,"<a href=""http://www.tiefbauamt.bs.ch/belegungsDetails?albe_id=383522&month=11&year=2017&output=nocache"" target=""_blank"">Detailansicht Belegung</a>","<a href=""http://www.tiefbauamt.bs.ch/oeffentlicher-raum/nutzung-des-oeffentlichen-raumes/was-passiert-wo-und-wann/strassenauswahl.html?strasseid=381&output=nocache"" target=""_blank"">Kalenderansicht Strasse/Platz</a>",Aktivität
,BW_Allmendbewilligungen_Veranstaltung.100951,,383523,9097841,Temporäre Nutzungsbewilligung,Kunsstoffeisbahn auf dem Marktplatz 2017  mit teilverlängerten Öffnungszeiten,<unbekannt>,05.12.2017 - 05.12.2017,"<a href=""http://www.tiefbauamt.bs.ch/belegungsDetails?albe_id=383523&month=11&year=2017&output=nocache"" target=""_blank"">Detailansicht Belegung</a>","<a href=""http://www.tiefbauamt.bs.ch/oeffentlicher-raum/nutzung-des-oeffentlichen-raumes/was-passiert-wo-und-wann/strassenauswahl.html?strasseid=381&output=nocache"" target=""_blank"">Kalenderansicht Strasse/Platz</a>",Aktivität
,BW_Allmendbewilligungen_Veranstaltung.100894,,383515,9097841,Temporäre Nutzungsbewilligung,Kunsstoffeisbahn auf dem Marktplatz 2017  mit teilverlängerten Öffnungszeiten,<unbekannt>,27.11.2017 - 27.11.2017,"<a href=""http://www.tiefbauamt.bs.ch/belegungsDetails?albe_id=383515&month=10&year=2017&output=nocache"" target=""_blank"">Detailansicht Belegung</a>","<a href=""http://www.tiefbauamt.bs.ch/oeffentlicher-raum/nutzung-des-oeffentlichen-raumes/was-passiert-wo-und-wann/strassenauswahl.html?strasseid=381&output=nocache"" target=""_blank"">Kalenderansicht Strasse/Platz</a>",Aufbau bis und mit Abbau
,BW_Allmendbewilligungen_Veranstaltung.100949,,383518,9097841,Temporäre Nutzungsbewilligung,Kunsstoffeisbahn auf dem Marktplatz 2017  mit teilverlängerten Öffnungszeiten,<unbekannt>,29.11.2017 - 29.11.2017,"<a href=""http://www.tiefbauamt.bs.ch/belegungsDetails?albe_id=383518&month=10&year=2017&output=nocache"" target=""_blank"">Detailansicht Belegung</a>","<a href=""http://www.tiefbauamt.bs.ch/oeffentlicher-raum/nutzung-des-oeffentlichen-raumes/was-passiert-wo-und-wann/strassenauswahl.html?strasseid=381&output=nocache"" target=""_blank"">Kalenderansicht Strasse/Platz</a>",Aufbau bis und mit Abbau
,BW_Allmendbewilligungen_Veranstaltung.101055,,383517,9097841,Temporäre Nutzungsbewilligung,Kunsstoffeisbahn auf dem Marktplatz 2017  mit teilverlängerten Öffnungszeiten,<unbekannt>,28.11.2017 - 28.11.2017,"<a href=""http://www.tiefbauamt.bs.ch/belegungsDetails?albe_id=383517&month=10&year=2017&output=nocache"" target=""_blank"">Detailansicht Belegung</a>","<a href=""http://www.tiefbauamt.bs.ch/oeffentlicher-raum/nutzung-des-oeffentlichen-raumes/was-passiert-wo-und-wann/strassenauswahl.html?strasseid=381&output=nocache"" target=""_blank"">Kalenderansicht Strasse/Platz</a>",Aufbau bis und mit Abbau
,BW_Allmendbewilligungen_Veranstaltung.100790,,383521,9097841,Temporäre Nutzungsbewilligung,Kunsstoffeisbahn auf dem Marktplatz 2017  mit teilverlängerten Öffnungszeiten,<unbekannt>,02.12.2017 - 02.12.2017,"<a href=""http://www.tiefbauamt.bs.ch/belegungsDetails?albe_id=383521&month=11&year=2017&output=nocache"" target=""_blank"">Detailansicht Belegung</a>","<a href=""http://www.tiefbauamt.bs.ch/oeffentlicher-raum/nutzung-des-oeffentlichen-raumes/was-passiert-wo-und-wann/strassenauswahl.html?strasseid=381&output=nocache"" target=""_blank"">Kalenderansicht Strasse/Platz</a>",Aktivität
,BW_Allmendbewilligungen_Veranstaltung.100827,,383520,9097841,Temporäre Nutzungsbewilligung,Kunsstoffeisbahn auf dem Marktplatz 2017  mit teilverlängerten Öffnungszeiten,<unbekannt>,01.12.2017 - 01.12.2017,"<a href=""http://www.tiefbauamt.bs.ch/belegungsDetails?albe_id=383520&month=11&year=2017&output=nocache"" target=""_blank"">Detailansicht Belegung</a>","<a href=""http://www.tiefbauamt.bs.ch/oeffentlicher-raum/nutzung-des-oeffentlichen-raumes/was-passiert-wo-und-wann/strassenauswahl.html?strasseid=381&output=nocache"" target=""_blank"">Kalenderansicht Strasse/Platz</a>",Aktivität
,BW_Allmendbewilligungen_Veranstaltung.106411,,392129,9099986,Temporäre Nutzungsbewilligung,#TGIMonday Door,<unbekannt>,04.12.2017 - 04.12.2017,"<a href=""http://www.tiefbauamt.bs.ch/belegungsDetails?albe_id=392129&month=11&year=2017&output=nocache"" target=""_blank"">Detailansicht Belegung</a>","<a href=""http://www.tiefbauamt.bs.ch/oeffentlicher-raum/nutzung-des-oeffentlichen-raumes/was-passiert-wo-und-wann/strassenauswahl.html?strasseid=454&output=nocache"" target=""_blank"">Kalenderansicht Strasse/Platz</a>",Aufbau bis und mit Abbau
,BW_Allmendbewilligungen_Veranstaltung.106431,,392132,9099986,Temporäre Nutzungsbewilligung,#TGIMonday Door,<unbekannt>,04.12.2017 - 04.12.2017,"<a href=""http://www.tiefbauamt.bs.ch/belegungsDetails?albe_id=392132&month=11&year=2017&output=nocache"" target=""_blank"">Detailansicht Belegung</a>","<a href=""http://www.tiefbauamt.bs.ch/oeffentlicher-raum/nutzung-des-oeffentlichen-raumes/was-passiert-wo-und-wann/strassenauswahl.html?strasseid=454&output=nocache"" target=""_blank"">Kalenderansicht Strasse/Platz</a>",Aktivität
,BW_Allmendbewilligungen_Veranstaltung.106418,,392133,9099986,Temporäre Nutzungsbewilligung,#TGIMonday Door,<unbekannt>,04.12.2017 - 04.12.2017,"<a href=""http://www.tiefbauamt.bs.ch/belegungsDetails?albe_id=392133&month=11&year=2017&output=nocache"" target=""_blank"">Detailansicht Belegung</a>","<a href=""http://www.tiefbauamt.bs.ch/oeffentlicher-raum/nutzung-des-oeffentlichen-raumes/was-passiert-wo-und-wann/strassenauswahl.html?strasseid=454&output=nocache"" target=""_blank"">Kalenderansicht Strasse/Platz</a>",Aufbau bis und mit Abbau
,BW_Allmendbewilligungen_Veranstaltung.106450,,392131,9099986,Temporäre Nutzungsbewilligung,#TGIMonday Door,<unbekannt>,04.12.2017 - 04.12.2017,"<a href=""http://www.tiefbauamt.bs.ch/belegungsDetails?albe_id=392131&month=11&year=2017&output=nocache"" target=""_blank"">Detailansicht Belegung</a>","<a href=""http://www.tiefbauamt.bs.ch/oeffentlicher-raum/nutzung-des-oeffentlichen-raumes/was-passiert-wo-und-wann/strassenauswahl.html?strasseid=454&output=nocache"" target=""_blank"">Kalenderansicht Strasse/Platz</a>",Festivität
,BW_Allmendbewilligungen_Veranstaltung.86073,,349813,9086229,Temporäre Nutzungsbewilligung,Marroni-/ Glacé- Verkaufsstand 2017,<unbekannt>,01.10.2017 - 31.12.2017,"<a href=""http://www.tiefbauamt.bs.ch/belegungsDetails?albe_id=349813&month=9&year=2017&output=nocache"" target=""_blank"">Detailansicht Belegung</a>","<a href=""http://www.tiefbauamt.bs.ch/oeffentlicher-raum/nutzung-des-oeffentlichen-raumes/was-passiert-wo-und-wann/strassenauswahl.html?strasseid=176&output=nocache"" target=""_blank"">Kalenderansicht Strasse/Platz</a>",Aktivität
,BW_Allmendbewilligungen_Veranstaltung.98758,,387459,9099482,Temporäre Nutzungsbewilligung,Infoplakat zur Ausgrabung in der Steinenvorstadt,<unbekannt>,21.09.2017 - 21.12.2017,"<a href=""http://www.tiefbauamt.bs.ch/belegungsDetails?albe_id=387459&month=8&year=2017&output=nocache"" target=""_blank"">Detailansicht Belegung</a>","<a href=""http://www.tiefbauamt.bs.ch/oeffentlicher-raum/nutzung-des-oeffentlichen-raumes/was-passiert-wo-und-wann/strassenauswahl.html?strasseid=575&output=nocache"" target=""_blank"">Kalenderansicht Strasse/Platz</a>",Aktivität
,BW_Allmendbewilligungen_Veranstaltung.98772,,388408,9090712,Temporäre Nutzungsbewilligung,"8 Storchenständer, Prix Schappo-Verleihung 2017",<unbekannt>,01.11.2017 - 14.12.2017,"<a href=""http://www.tiefbauamt.bs.ch/belegungsDetails?albe_id=388408&month=10&year=2017&output=nocache"" target=""_blank"">Detailansicht Belegung</a>","<a href=""http://www.tiefbauamt.bs.ch/oeffentlicher-raum/nutzung-des-oeffentlichen-raumes/was-passiert-wo-und-wann/strassenauswahl.html?strasseid=596&output=nocache"" target=""_blank"">Kalenderansicht Strasse/Platz</a>",Aufbau bis und mit Abbau
,BW_Allmendbewilligungen_Veranstaltung.98788,,388405,9090712,Temporäre Nutzungsbewilligung,"8 Storchenständer, Prix Schappo-Verleihung 2017",<unbekannt>,01.11.2017 - 14.12.2017,"<a href=""http://www.tiefbauamt.bs.ch/belegungsDetails?albe_id=388405&month=10&year=2017&output=nocache"" target=""_blank"">Detailansicht Belegung</a>","<a href=""http://www.tiefbauamt.bs.ch/oeffentlicher-raum/nutzung-des-oeffentlichen-raumes/was-passiert-wo-und-wann/strassenauswahl.html?strasseid=782&output=nocache"" target=""_blank"">Kalenderansicht Strasse/Platz</a>",Aktivität
,BW_Allmendbewilligungen_Veranstaltung.98791,,388410,9090712,Temporäre Nutzungsbewilligung,"8 Storchenständer, Prix Schappo-Verleihung 2017",<unbekannt>,01.11.2017 - 14.12.2017,"<a href=""http://www.tiefbauamt.bs.ch/belegungsDetails?albe_id=388410&month=10&year=2017&output=nocache"" target=""_blank"">Detailansicht Belegung</a>","<a href=""http://www.tiefbauamt.bs.ch/oeffentlicher-raum/nutzung-des-oeffentlichen-raumes/was-passiert-wo-und-wann/strassenauswahl.html?strasseid=201&output=nocache"" target=""_blank"">Kalenderansicht Strasse/Platz</a>",Aufbau bis und mit Abbau
,BW_Allmendbewilligungen_Veranstaltung.98792,,388404,9090712,Temporäre Nutzungsbewilligung,"8 Storchenständer, Prix Schappo-Verleihung 2017",<unbekannt>,01.11.2017 - 14.12.2017,"<a href=""http://www.tiefbauamt.bs.ch/belegungsDetails?albe_id=388404&month=10&year=2017&output=nocache"" target=""_blank"">Detailansicht Belegung</a>","<a href=""http://www.tiefbauamt.bs.ch/oeffentlicher-raum/nutzung-des-oeffentlichen-raumes/was-passiert-wo-und-wann/strassenauswahl.html?strasseid=782&output=nocache"" target=""_blank"">Kalenderansicht Strasse/Platz</a>",Aufbau bis und mit Abbau
,BW_Allmendbewilligungen_Veranstaltung.98799,,388407,9090712,Temporäre Nutzungsbewilligung,"8 Storchenständer, Prix Schappo-Verleihung 2017",<unbekannt>,01.11.2017 - 14.12.2017,"<a href=""http://www.tiefbauamt.bs.ch/belegungsDetails?albe_id=388407&month=10&year=2017&output=nocache"" target=""_blank"">Detailansicht Belegung</a>","<a href=""http://www.tiefbauamt.bs.ch/oeffentlicher-raum/nutzung-des-oeffentlichen-raumes/was-passiert-wo-und-wann/strassenauswahl.html?strasseid=958&output=nocache"" target=""_blank"">Kalenderansicht Strasse/Platz</a>",Aktivität
,BW_Allmendbewilligungen_Veranstaltung.98806,,388400,9090712,Temporäre Nutzungsbewilligung,"8 Storchenständer, Prix Schappo-Verleihung 2017",<unbekannt>,01.11.2017 - 14.12.2017,"<a href=""http://www.tiefbauamt.bs.ch/belegungsDetails?albe_id=388400&month=10&year=2017&output=nocache"" target=""_blank"">Detailansicht Belegung</a>","<a href=""http://www.tiefbauamt.bs.ch/oeffentlicher-raum/nutzung-des-oeffentlichen-raumes/was-passiert-wo-und-wann/strassenauswahl.html?strasseid=17&output=nocache"" target=""_blank"">Kalenderansicht Strasse/Platz</a>",Aufbau bis und mit Abbau
,BW_Allmendbewilligungen_Veranstaltung.98814,,388395,9090712,Temporäre Nutzungsbewilligung,"8 Storchenständer, Prix Schappo-Verleihung 2017",<unbekannt>,01.11.2017 - 14.12.2017,"<a href=""http://www.tiefbauamt.bs.ch/belegungsDetails?albe_id=388395&month=10&year=2017&output=nocache"" target=""_blank"">Detailansicht Belegung</a>","<a href=""http://www.tiefbauamt.bs.ch/oeffentlicher-raum/nutzung-des-oeffentlichen-raumes/was-passiert-wo-und-wann/strassenauswahl.html?strasseid=3&output=nocache"" target=""_blank"">Kalenderansicht Strasse/Platz</a>",Aktivität
,BW_Allmendbewilligungen_Veranstaltung.98815,,388406,9090712,Temporäre Nutzungsbewilligung,"8 Storchenständer, Prix Schappo-Verleihung 2017",<unbekannt>,01.11.2017 - 14.12.2017,"<a href=""http://www.tiefbauamt.bs.ch/belegungsDetails?albe_id=388406&month=10&year=2017&output=nocache"" target=""_blank"">Detailansicht Belegung</a>","<a href=""http://www.tiefbauamt.bs.ch/oeffentlicher-raum/nutzung-des-oeffentlichen-raumes/was-passiert-wo-und-wann/strassenauswahl.html?strasseid=958&output=nocache"" target=""_blank"">Kalenderansicht Strasse/Platz</a>",Aufbau bis und mit Abbau
,BW_Allmendbewilligungen_Veranstaltung.98817,,388411,9090712,Temporäre Nutzungsbewilligung,"8 Storchenständer, Prix Schappo-Verleihung 2017",<unbekannt>,01.11.2017 - 14.12.2017,"<a href=""http://www.tiefbauamt.bs.ch/belegungsDetails?albe_id=388411&month=10&year=2017&output=nocache"" target=""_blank"">Detailansicht Belegung</a>","<a href=""http://www.tiefbauamt.bs.ch/oeffentlicher-raum/nutzung-des-oeffentlichen-raumes/was-passiert-wo-und-wann/strassenauswahl.html?strasseid=201&output=nocache"" target=""_blank"">Kalenderansicht Strasse/Platz</a>",Aktivität
,BW_Allmendbewilligungen_Veranstaltung.98819,,388413,9090712,Temporäre Nutzungsbewilligung,"8 Storchenständer, Prix Schappo-Verleihung 2017",<unbekannt>,01.11.2017 - 14.12.2017,"<a href=""http://www.tiefbauamt.bs.ch/belegungsDetails?albe_id=388413&month=10&year=2017&output=nocache"" target=""_blank"">Detailansicht Belegung</a>","<a href=""http://www.tiefbauamt.bs.ch/oeffentlicher-raum/nutzung-des-oeffentlichen-raumes/was-passiert-wo-und-wann/strassenauswahl.html?strasseid=220&output=nocache"" target=""_blank"">Kalenderansicht Strasse/Platz</a>",Aktivität
,BW_Allmendbewilligungen_Veranstaltung.98821,,388409,9090712,Temporäre Nutzungsbewilligung,"8 Storchenständer, Prix Schappo-Verleihung 2017",<unbekannt>,01.11.2017 - 14.12.2017,"<a href=""http://www.tiefbauamt.bs.ch/belegungsDetails?albe_id=388409&month=10&year=2017&output=nocache"" target=""_blank"">Detailansicht Belegung</a>","<a href=""http://www.tiefbauamt.bs.ch/oeffentlicher-raum/nutzung-des-oeffentlichen-raumes/was-passiert-wo-und-wann/strassenauswahl.html?strasseid=596&output=nocache"" target=""_blank"">Kalenderansicht Strasse/Platz</a>",Aktivität
,BW_Allmendbewilligungen_Veranstaltung.98824,,388394,9090712,Temporäre Nutzungsbewilligung,"8 Storchenständer, Prix Schappo-Verleihung 2017",<unbekannt>,01.11.2017 - 14.12.2017,"<a href=""http://www.tiefbauamt.bs.ch/belegungsDetails?albe_id=388394&month=10&year=2017&output=nocache"" target=""_blank"">Detailansicht Belegung</a>","<a href=""http://www.tiefbauamt.bs.ch/oeffentlicher-raum/nutzung-des-oeffentlichen-raumes/was-passiert-wo-und-wann/strassenauswahl.html?strasseid=3&output=nocache"" target=""_blank"">Kalenderansicht Strasse/Platz</a>",Aufbau bis und mit Abbau
,BW_Allmendbewilligungen_Veranstaltung.98832,,388412,9090712,Temporäre Nutzungsbewilligung,"8 Storchenständer, Prix Schappo-Verleihung 2017",<unbekannt>,01.11.2017 - 14.12.2017,"<a href=""http://www.tiefbauamt.bs.ch/belegungsDetails?albe_id=388412&month=10&year=2017&output=nocache"" target=""_blank"">Detailansicht Belegung</a>","<a href=""http://www.tiefbauamt.bs.ch/oeffentlicher-raum/nutzung-des-oeffentlichen-raumes/was-passiert-wo-und-wann/strassenauswahl.html?strasseid=220&output=nocache"" target=""_blank"">Kalenderansicht Strasse/Platz</a>",Aufbau bis und mit Abbau
,BW_Allmendbewilligungen_Veranstaltung.98842,,388401,9090712,Temporäre Nutzungsbewilligung,"8 Storchenständer, Prix Schappo-Verleihung 2017",<unbekannt>,01.11.2017 - 14.12.2017,"<a href=""http://www.tiefbauamt.bs.ch/belegungsDetails?albe_id=388401&month=10&year=2017&output=nocache"" target=""_blank"">Detailansicht Belegung</a>","<a href=""http://www.tiefbauamt.bs.ch/oeffentlicher-raum/nutzung-des-oeffentlichen-raumes/was-passiert-wo-und-wann/strassenauswahl.html?strasseid=17&output=nocache"" target=""_blank"">Kalenderansicht Strasse/Platz</a>",Aktivität
,BW_Allmendbewilligungen_Veranstaltung.98857,,388403,9090712,Temporäre Nutzungsbewilligung,"8 Storchenständer, Prix Schappo-Verleihung 2017",<unbekannt>,01.11.2017 - 14.12.2017,"<a href=""http://www.tiefbauamt.bs.ch/belegungsDetails?albe_id=388403&month=10&year=2017&output=nocache"" target=""_blank"">Detailansicht Belegung</a>","<a href=""http://www.tiefbauamt.bs.ch/oeffentlicher-raum/nutzung-des-oeffentlichen-raumes/was-passiert-wo-und-wann/strassenauswahl.html?strasseid=521&output=nocache"" target=""_blank"">Kalenderansicht Strasse/Platz</a>",Aktivität
,BW_Allmendbewilligungen_Veranstaltung.98858,,388402,9090712,Temporäre Nutzungsbewilligung,"8 Storchenständer, Prix Schappo-Verleihung 2017",<unbekannt>,01.11.2017 - 14.12.2017,"<a href=""http://www.tiefbauamt.bs.ch/belegungsDetails?albe_id=388402&month=10&year=2017&output=nocache"" target=""_blank"">Detailansicht Belegung</a>","<a href=""http://www.tiefbauamt.bs.ch/oeffentlicher-raum/nutzung-des-oeffentlichen-raumes/was-passiert-wo-und-wann/strassenauswahl.html?strasseid=521&output=nocache"" target=""_blank"">Kalenderansicht Strasse/Platz</a>",Aufbau bis und mit Abbau
,BW_Allmendbewilligungen_Veranstaltung.106063,,392172,9101278,Temporäre Nutzungsbewilligung,Wunsch- Weihnachtsbaum vom VIBR 2017,<unbekannt>,20.11.2017 - 06.01.2018,"<a href=""http://www.tiefbauamt.bs.ch/belegungsDetails?albe_id=392172&month=10&year=2017&output=nocache"" target=""_blank"">Detailansicht Belegung</a>","<a href=""http://www.tiefbauamt.bs.ch/oeffentlicher-raum/nutzung-des-oeffentlichen-raumes/was-passiert-wo-und-wann/strassenauswahl.html?strasseid=500&output=nocache"" target=""_blank"">Kalenderansicht Strasse/Platz</a>",Aufbau bis und mit Abbau
,BW_Allmendbewilligungen_Veranstaltung.106079,,392173,9101278,Temporäre Nutzungsbewilligung,Wunsch- Weihnachtsbaum vom VIBR 2017,<unbekannt>,20.11.2017 - 06.01.2018,"<a href=""http://www.tiefbauamt.bs.ch/belegungsDetails?albe_id=392173&month=10&year=2017&output=nocache"" target=""_blank"">Detailansicht Belegung</a>","<a href=""http://www.tiefbauamt.bs.ch/oeffentlicher-raum/nutzung-des-oeffentlichen-raumes/was-passiert-wo-und-wann/strassenauswahl.html?strasseid=500&output=nocache"" target=""_blank"">Kalenderansicht Strasse/Platz</a>",Aktivität
,BW_Allmendbewilligungen_Veranstaltung.106146,,389102,9088152,Temporäre Nutzungsbewilligung,Bazar der Rudolf Steiner Schule 2017,<unbekannt>,02.12.2017 - 02.12.2017,"<a href=""http://www.tiefbauamt.bs.ch/belegungsDetails?albe_id=389102&month=11&year=2017&output=nocache"" target=""_blank"">Detailansicht Belegung</a>","<a href=""http://www.tiefbauamt.bs.ch/oeffentlicher-raum/nutzung-des-oeffentlichen-raumes/was-passiert-wo-und-wann/strassenauswahl.html?strasseid=284&output=nocache"" target=""_blank"">Kalenderansicht Strasse/Platz</a>",Aktivität
,BW_Allmendbewilligungen_Veranstaltung.106164,,389103,9088152,Temporäre Nutzungsbewilligung,Bazar der Rudolf Steiner Schule 2017,<unbekannt>,03.12.2017 - 03.12.2017,"<a href=""http://www.tiefbauamt.bs.ch/belegungsDetails?albe_id=389103&month=11&year=2017&output=nocache"" target=""_blank"">Detailansicht Belegung</a>","<a href=""http://www.tiefbauamt.bs.ch/oeffentlicher-raum/nutzung-des-oeffentlichen-raumes/was-passiert-wo-und-wann/strassenauswahl.html?strasseid=284&output=nocache"" target=""_blank"">Kalenderansicht Strasse/Platz</a>",Aktivität
,BW_Allmendbewilligungen_Veranstaltung.106184,,389097,9088152,Temporäre Nutzungsbewilligung,Bazar der Rudolf Steiner Schule 2017,<unbekannt>,01.12.2017 - 01.12.2017,"<a href=""http://www.tiefbauamt.bs.ch/belegungsDetails?albe_id=389097&month=11&year=2017&output=nocache"" target=""_blank"">Detailansicht Belegung</a>","<a href=""http://www.tiefbauamt.bs.ch/oeffentlicher-raum/nutzung-des-oeffentlichen-raumes/was-passiert-wo-und-wann/strassenauswahl.html?strasseid=284&output=nocache"" target=""_blank"">Kalenderansicht Strasse/Platz</a>",Aufbau bis und mit Abbau
,BW_Allmendbewilligungen_Veranstaltung.106204,,389098,9088152,Temporäre Nutzungsbewilligung,Bazar der Rudolf Steiner Schule 2017,<unbekannt>,03.12.2017 - 03.12.2017,"<a href=""http://www.tiefbauamt.bs.ch/belegungsDetails?albe_id=389098&month=11&year=2017&output=nocache"" target=""_blank"">Detailansicht Belegung</a>","<a href=""http://www.tiefbauamt.bs.ch/oeffentlicher-raum/nutzung-des-oeffentlichen-raumes/was-passiert-wo-und-wann/strassenauswahl.html?strasseid=284&output=nocache"" target=""_blank"">Kalenderansicht Strasse/Platz</a>",Aufbau bis und mit Abbau
,BW_Allmendbewilligungen_Veranstaltung.104369,,88443,9041339,Temporäre Nutzungsbewilligung,Reklamereiter MANPOWER  Fläche 1m²  ab 09. August 2011,<unbekannt>,09.08.2011 - 31.12.2099,"<a href=""http://www.tiefbauamt.bs.ch/belegungsDetails?albe_id=88443&month=7&year=2011&output=nocache"" target=""_blank"">Detailansicht Belegung</a>","<a href=""http://www.tiefbauamt.bs.ch/oeffentlicher-raum/nutzung-des-oeffentlichen-raumes/was-passiert-wo-und-wann/strassenauswahl.html?strasseid=165&output=nocache"" target=""_blank"">Kalenderansicht Strasse/Platz</a>",Aktivität
,BW_Allmendbewilligungen_Veranstaltung.106484,,391718,9100917,Temporäre Nutzungsbewilligung,Eröffnung Schliffi uff em Märt 2017,<unbekannt>,01.12.2017 - 01.12.2017,"<a href=""http://www.tiefbauamt.bs.ch/belegungsDetails?albe_id=391718&month=11&year=2017&output=nocache"" target=""_blank"">Detailansicht Belegung</a>","<a href=""http://www.tiefbauamt.bs.ch/oeffentlicher-raum/nutzung-des-oeffentlichen-raumes/was-passiert-wo-und-wann/strassenauswahl.html?strasseid=381&output=nocache"" target=""_blank"">Kalenderansicht Strasse/Platz</a>",Aktivität
,BW_Allmendbewilligungen_Veranstaltung.106632,,392440,9101182,Temporäre Nutzungsbewilligung,*Plakataktion* zum Thema Arbeit und Behinderung des Fördervereins impulse 2017,<unbekannt>,02.12.2017 - 11.12.2017,"<a href=""http://www.tiefbauamt.bs.ch/belegungsDetails?albe_id=392440&month=11&year=2017&output=nocache"" target=""_blank"">Detailansicht Belegung</a>","<a href=""http://www.tiefbauamt.bs.ch/oeffentlicher-raum/nutzung-des-oeffentlichen-raumes/was-passiert-wo-und-wann/strassenauswahl.html?strasseid=596&output=nocache"" target=""_blank"">Kalenderansicht Strasse/Platz</a>",Aufbau bis und mit Abbau
,BW_Allmendbewilligungen_Veranstaltung.106633,,392440,9101182,Temporäre Nutzungsbewilligung,*Plakataktion* zum Thema Arbeit und Behinderung des Fördervereins impulse 2017,<unbekannt>,02.12.2017 - 11.12.2017,"<a href=""http://www.tiefbauamt.bs.ch/belegungsDetails?albe_id=392440&month=11&year=2017&output=nocache"" target=""_blank"">Detailansicht Belegung</a>","<a href=""http://www.tiefbauamt.bs.ch/oeffentlicher-raum/nutzung-des-oeffentlichen-raumes/was-passiert-wo-und-wann/strassenauswahl.html?strasseid=596&output=nocache"" target=""_blank"">Kalenderansicht Strasse/Platz</a>",Aufbau bis und mit Abbau
,BW_Allmendbewilligungen_Veranstaltung.9969,,349749,9086207,Temporäre Nutzungsbewilligung,Marroni-/ Glacé- Verkaufsstand 2017,<unbekannt>,01.10.2017 - 31.12.2017,"<a href=""http://www.tiefbauamt.bs.ch/belegungsDetails?albe_id=349749&month=9&year=2017&output=nocache"" target=""_blank"">Detailansicht Belegung</a>","<a href=""http://www.tiefbauamt.bs.ch/oeffentlicher-raum/nutzung-des-oeffentlichen-raumes/was-passiert-wo-und-wann/strassenauswahl.html?strasseid=4&output=nocache"" target=""_blank"">Kalenderansicht Strasse/Platz</a>",Aktivität
,BW_Allmendbewilligungen_Veranstaltung.9970,,349769,9086208,Temporäre Nutzungsbewilligung,Marroni- Verkaufsstand 2017,<unbekannt>,01.10.2017 - 31.12.2017,"<a href=""http://www.tiefbauamt.bs.ch/belegungsDetails?albe_id=349769&month=9&year=2017&output=nocache"" target=""_blank"">Detailansicht Belegung</a>","<a href=""http://www.tiefbauamt.bs.ch/oeffentlicher-raum/nutzung-des-oeffentlichen-raumes/was-passiert-wo-und-wann/strassenauswahl.html?strasseid=46&output=nocache"" target=""_blank"">Kalenderansicht Strasse/Platz</a>",Aktivität
,BW_Allmendbewilligungen_Veranstaltung.9972,,349808,9086225,Temporäre Nutzungsbewilligung,Marroni-/ Glacé- Verkaufsstand 2017,<unbekannt>,01.01.2017 - 31.12.2017,"<a href=""http://www.tiefbauamt.bs.ch/belegungsDetails?albe_id=349808&month=0&year=2017&output=nocache"" target=""_blank"">Detailansicht Belegung</a>","<a href=""http://www.tiefbauamt.bs.ch/oeffentlicher-raum/nutzung-des-oeffentlichen-raumes/was-passiert-wo-und-wann/strassenauswahl.html?strasseid=782&output=nocache"" target=""_blank"">Kalenderansicht Strasse/Platz</a>",Aktivität
,BW_Allmendbewilligungen_Veranstaltung.9974,,349817,9086235,Temporäre Nutzungsbewilligung,Marroni-/ Glacé- Verkaufsstand 2017,<unbekannt>,01.01.2017 - 31.12.2017,"<a href=""http://www.tiefbauamt.bs.ch/belegungsDetails?albe_id=349817&month=0&year=2017&output=nocache"" target=""_blank"">Detailansicht Belegung</a>","<a href=""http://www.tiefbauamt.bs.ch/oeffentlicher-raum/nutzung-des-oeffentlichen-raumes/was-passiert-wo-und-wann/strassenauswahl.html?strasseid=922&output=nocache"" target=""_blank"">Kalenderansicht Strasse/Platz</a>",Aktivität
,BW_Allmendbewilligungen_Veranstaltung.9975,,349820,9086237,Temporäre Nutzungsbewilligung,Marroni-/ Glacé- Verkaufsstand 2017,<unbekannt>,01.01.2017 - 31.12.2017,"<a href=""http://www.tiefbauamt.bs.ch/belegungsDetails?albe_id=349820&month=0&year=2017&output=nocache"" target=""_blank"">Detailansicht Belegung</a>","<a href=""http://www.tiefbauamt.bs.ch/oeffentlicher-raum/nutzung-des-oeffentlichen-raumes/was-passiert-wo-und-wann/strassenauswahl.html?strasseid=66&output=nocache"" target=""_blank"">Kalenderansicht Strasse/Platz</a>",Aktivität
,BW_Allmendbewilligungen_Veranstaltung.9980,,349990,9086243,Temporäre Nutzungsbewilligung,Gemüse- und Obst- Verkaufsstand 2017,<unbekannt>,01.01.2017 - 31.12.2017,"<a href=""http://www.tiefbauamt.bs.ch/belegungsDetails?albe_id=349990&month=0&year=2017&output=nocache"" target=""_blank"">Detailansicht Belegung</a>","<a href=""http://www.tiefbauamt.bs.ch/oeffentlicher-raum/nutzung-des-oeffentlichen-raumes/was-passiert-wo-und-wann/strassenauswahl.html?strasseid=329&output=nocache"" target=""_blank"">Kalenderansicht Strasse/Platz</a>",Aktivität
,BW_Allmendbewilligungen_Veranstaltung.21128,,349777,9086222,Temporäre Nutzungsbewilligung,Marroni- Verkaufsstand 2017 (max. Donnerstag bis Sonntag),<unbekannt>,01.10.2017 - 31.12.2017,"<a href=""http://www.tiefbauamt.bs.ch/belegungsDetails?albe_id=349777&month=9&year=2017&output=nocache"" target=""_blank"">Detailansicht Belegung</a>","<a href=""http://www.tiefbauamt.bs.ch/oeffentlicher-raum/nutzung-des-oeffentlichen-raumes/was-passiert-wo-und-wann/strassenauswahl.html?strasseid=141&output=nocache"" target=""_blank"">Kalenderansicht Strasse/Platz</a>",Aktivität
,BW_Allmendbewilligungen_Veranstaltung.21129,,349788,9086224,Temporäre Nutzungsbewilligung,Marroni-/ Glacé- Verkaufsstand 2017,<unbekannt>,01.10.2017 - 31.12.2017,"<a href=""http://www.tiefbauamt.bs.ch/belegungsDetails?albe_id=349788&month=9&year=2017&output=nocache"" target=""_blank"">Detailansicht Belegung</a>","<a href=""http://www.tiefbauamt.bs.ch/oeffentlicher-raum/nutzung-des-oeffentlichen-raumes/was-passiert-wo-und-wann/strassenauswahl.html?strasseid=381&output=nocache"" target=""_blank"">Kalenderansicht Strasse/Platz</a>",Aktivität
,BW_Allmendbewilligungen_Veranstaltung.31876,,349814,9086231,Temporäre Nutzungsbewilligung,Marroni-/ Glacé- Verkaufsstand 2017,<unbekannt>,01.01.2017 - 31.12.2017,"<a href=""http://www.tiefbauamt.bs.ch/belegungsDetails?albe_id=349814&month=0&year=2017&output=nocache"" target=""_blank"">Detailansicht Belegung</a>","<a href=""http://www.tiefbauamt.bs.ch/oeffentlicher-raum/nutzung-des-oeffentlichen-raumes/was-passiert-wo-und-wann/strassenauswahl.html?strasseid=176&output=nocache"" target=""_blank"">Kalenderansicht Strasse/Platz</a>",Aktivität
,BW_Allmendbewilligungen_Veranstaltung.31877,,349818,9086235,Temporäre Nutzungsbewilligung,Marroni-/ Glacé- Verkaufsstand 2017,<unbekannt>,01.01.2017 - 31.12.2017,"<a href=""http://www.tiefbauamt.bs.ch/belegungsDetails?albe_id=349818&month=0&year=2017&output=nocache"" target=""_blank"">Detailansicht Belegung</a>","<a href=""http://www.tiefbauamt.bs.ch/oeffentlicher-raum/nutzung-des-oeffentlichen-raumes/was-passiert-wo-und-wann/strassenauswahl.html?strasseid=575&output=nocache"" target=""_blank"">Kalenderansicht Strasse/Platz</a>",Aktivität
,BW_Allmendbewilligungen_Veranstaltung.31885,,349987,9086239,Temporäre Nutzungsbewilligung,Blumen- Verkaufsstand 2017,<unbekannt>,01.01.2017 - 31.12.2017,"<a href=""http://www.tiefbauamt.bs.ch/belegungsDetails?albe_id=349987&month=0&year=2017&output=nocache"" target=""_blank"">Detailansicht Belegung</a>","<a href=""http://www.tiefbauamt.bs.ch/oeffentlicher-raum/nutzung-des-oeffentlichen-raumes/was-passiert-wo-und-wann/strassenauswahl.html?strasseid=46&output=nocache"" target=""_blank"">Kalenderansicht Strasse/Platz</a>",Aktivität
,BW_Allmendbewilligungen_Veranstaltung.31946,,351794,9093129,Temporäre Nutzungsbewilligung,10 Veranstaltungen im jeweiligen Jahr auf dem Roofdeck des Kulturschiff Expostar-Nordstern. Laufzeit gemäss Mietvertrag und beiliegendem Konzept.,<unbekannt>,06.05.2017 - 03.10.2020,"<a href=""http://www.tiefbauamt.bs.ch/belegungsDetails?albe_id=351794&month=4&year=2017&output=nocache"" target=""_blank"">Detailansicht Belegung</a>","<a href=""http://www.tiefbauamt.bs.ch/oeffentlicher-raum/nutzung-des-oeffentlichen-raumes/was-passiert-wo-und-wann/strassenauswahl.html?strasseid=956&output=nocache"" target=""_blank"">Kalenderansicht Strasse/Platz</a>",Aktivität
,BW_Allmendbewilligungen_Veranstaltung.75513,,349827,9086238,Temporäre Nutzungsbewilligung,Marroni-/ Glacé- Verkaufsstand 2017,<unbekannt>,01.04.2017 - 31.12.2017,"<a href=""http://www.tiefbauamt.bs.ch/belegungsDetails?albe_id=349827&month=3&year=2017&output=nocache"" target=""_blank"">Detailansicht Belegung</a>","<a href=""http://www.tiefbauamt.bs.ch/oeffentlicher-raum/nutzung-des-oeffentlichen-raumes/was-passiert-wo-und-wann/strassenauswahl.html?strasseid=46&output=nocache"" target=""_blank"">Kalenderansicht Strasse/Platz</a>",Aktivität
,BW_Allmendbewilligungen_Veranstaltung.75516,,349989,9086242,Temporäre Nutzungsbewilligung,Gemüse- und Obst- Verkaufsstand 2017,<unbekannt>,01.01.2017 - 31.12.2017,"<a href=""http://www.tiefbauamt.bs.ch/belegungsDetails?albe_id=349989&month=0&year=2017&output=nocache"" target=""_blank"">Detailansicht Belegung</a>","<a href=""http://www.tiefbauamt.bs.ch/oeffentlicher-raum/nutzung-des-oeffentlichen-raumes/was-passiert-wo-und-wann/strassenauswahl.html?strasseid=201&output=nocache"" target=""_blank"">Kalenderansicht Strasse/Platz</a>",Aktivität
,BW_Allmendbewilligungen_Veranstaltung.86071,,349775,9086222,Temporäre Nutzungsbewilligung,Marroni- Verkaufsstand 2017 (max. Donnerstag bis Sonntag),<unbekannt>,01.10.2017 - 31.12.2017,"<a href=""http://www.tiefbauamt.bs.ch/belegungsDetails?albe_id=349775&month=9&year=2017&output=nocache"" target=""_blank"">Detailansicht Belegung</a>","<a href=""http://www.tiefbauamt.bs.ch/oeffentlicher-raum/nutzung-des-oeffentlichen-raumes/was-passiert-wo-und-wann/strassenauswahl.html?strasseid=901&output=nocache"" target=""_blank"">Kalenderansicht Strasse/Platz</a>",Aktivität
,BW_Allmendbewilligungen_Veranstaltung.42692,,312741,9088338,Temporäre Nutzungsbewilligung,Bücherschrank,<unbekannt>,31.08.2016 - 31.12.2017,"<a href=""http://www.tiefbauamt.bs.ch/belegungsDetails?albe_id=312741&month=7&year=2016&output=nocache"" target=""_blank"">Detailansicht Belegung</a>","<a href=""http://www.tiefbauamt.bs.ch/oeffentlicher-raum/nutzung-des-oeffentlichen-raumes/was-passiert-wo-und-wann/strassenauswahl.html?strasseid=567&output=nocache"" target=""_blank"">Kalenderansicht Strasse/Platz</a>",Aktivität
,BW_Allmendbewilligungen_Veranstaltung.53475,,349821,9086237,Temporäre Nutzungsbewilligung,Marroni-/ Glacé- Verkaufsstand 2017,<unbekannt>,01.01.2017 - 31.12.2017,"<a href=""http://www.tiefbauamt.bs.ch/belegungsDetails?albe_id=349821&month=0&year=2017&output=nocache"" target=""_blank"">Detailansicht Belegung</a>","<a href=""http://www.tiefbauamt.bs.ch/oeffentlicher-raum/nutzung-des-oeffentlichen-raumes/was-passiert-wo-und-wann/strassenauswahl.html?strasseid=257&output=nocache"" target=""_blank"">Kalenderansicht Strasse/Platz</a>",Aktivität
,BW_Allmendbewilligungen_Veranstaltung.64322,,349773,9086221,Temporäre Nutzungsbewilligung,Marroni-/ Glacé- Verkaufsstand 2017,<unbekannt>,01.10.2017 - 31.12.2017,"<a href=""http://www.tiefbauamt.bs.ch/belegungsDetails?albe_id=349773&month=9&year=2017&output=nocache"" target=""_blank"">Detailansicht Belegung</a>","<a href=""http://www.tiefbauamt.bs.ch/oeffentlicher-raum/nutzung-des-oeffentlichen-raumes/was-passiert-wo-und-wann/strassenauswahl.html?strasseid=820&output=nocache"" target=""_blank"">Kalenderansicht Strasse/Platz</a>",Aktivität
,BW_Allmendbewilligungen_Veranstaltung.64325,,349988,9086241,Temporäre Nutzungsbewilligung,Gemüse- und Obst- Verkaufsstand 2017,<unbekannt>,01.01.2017 - 31.12.2017,"<a href=""http://www.tiefbauamt.bs.ch/belegungsDetails?albe_id=349988&month=0&year=2017&output=nocache"" target=""_blank"">Detailansicht Belegung</a>","<a href=""http://www.tiefbauamt.bs.ch/oeffentlicher-raum/nutzung-des-oeffentlichen-raumes/was-passiert-wo-und-wann/strassenauswahl.html?strasseid=782&output=nocache"" target=""_blank"">Kalenderansicht Strasse/Platz</a>",Aktivität
,BW_Allmendbewilligungen_Veranstaltung.101574,,391124,9100467,Temporäre Nutzungsbewilligung,Pikett- Material- Anhänger für Weihnachtsmarkt 2017,<unbekannt>,14.11.2017 - 24.12.2017,"<a href=""http://www.tiefbauamt.bs.ch/belegungsDetails?albe_id=391124&month=10&year=2017&output=nocache"" target=""_blank"">Detailansicht Belegung</a>","<a href=""http://www.tiefbauamt.bs.ch/oeffentlicher-raum/nutzung-des-oeffentlichen-raumes/was-passiert-wo-und-wann/strassenauswahl.html?strasseid=316&output=nocache"" target=""_blank"">Kalenderansicht Strasse/Platz</a>",Aufbau bis und mit Abbau
,BW_Allmendbewilligungen_Veranstaltung.101527,,391125,9100467,Temporäre Nutzungsbewilligung,Pikett- Material- Anhänger für Weihnachtsmarkt 2017,<unbekannt>,14.11.2017 - 24.12.2017,"<a href=""http://www.tiefbauamt.bs.ch/belegungsDetails?albe_id=391125&month=10&year=2017&output=nocache"" target=""_blank"">Detailansicht Belegung</a>","<a href=""http://www.tiefbauamt.bs.ch/oeffentlicher-raum/nutzung-des-oeffentlichen-raumes/was-passiert-wo-und-wann/strassenauswahl.html?strasseid=316&output=nocache"" target=""_blank"">Kalenderansicht Strasse/Platz</a>",Aktivität
,BW_Allmendbewilligungen_Veranstaltung.34668,,93703,9042588,Temporäre Nutzungsbewilligung,"Trottoirauslagen  2,8m2, ab September 2011",<unbekannt>,01.09.2011 - 31.12.2099,"<a href=""http://www.tiefbauamt.bs.ch/belegungsDetails?albe_id=93703&month=8&year=2011&output=nocache"" target=""_blank"">Detailansicht Belegung</a>","<a href=""http://www.tiefbauamt.bs.ch/oeffentlicher-raum/nutzung-des-oeffentlichen-raumes/was-passiert-wo-und-wann/strassenauswahl.html?strasseid=201&output=nocache"" target=""_blank"">Kalenderansicht Strasse/Platz</a>",Aktivität
